userID,Date,Income,Foods & Drinks,Shopping,Public transport,Vehicle,Health,Bills,Loans,Rent,Other,Male,Female,incomeRange,Car,Bike,ThreeWheeler,None,Student,Employee (Full Time),Employee (Part Time)
6680a81dd7bdacc2f523c7ee,2024-03-01,0.0,661.0,0.0,0.0,0.0,0.0,0.0,0.0,0.0,0.0,1,0,25000.0,0,0,0,1,1,0,0
6680a81dd7bdacc2f523c7ee,2024-03-02,0.0,700.0,0.0,0.0,0.0,0.0,0.0,0.0,0.0,0.0,1,0,25000.0,0,0,0,1,1,0,0
6680a81dd7bdacc2f523c7ee,2024-03-03,0.0,800.0,0.0,0.0,0.0,0.0,0.0,0.0,0.0,0.0,1,0,25000.0,0,0,0,1,1,0,0
6680a81dd7bdacc2f523c7ee,2024-03-04,0.0,666.0,0.0,0.0,0.0,0.0,0.0,0.0,0.0,0.0,1,0,25000.0,0,0,0,1,1,0,0
6680a81dd7bdacc2f523c7ee,2024-03-05,0.0,622.0,0.0,0.0,0.0,0.0,0.0,0.0,0.0,0.0,1,0,25000.0,0,0,0,1,1,0,0
6680a81dd7bdacc2f523c7ee,2024-03-06,0.0,665.0,0.0,0.0,0.0,0.0,0.0,0.0,0.0,0.0,1,0,25000.0,0,0,0,1,1,0,0
6680a81dd7bdacc2f523c7ee,2024-03-07,0.0,644.0,0.0,0.0,0.0,0.0,0.0,0.0,0.0,0.0,1,0,25000.0,0,0,0,1,1,0,0
6680a81dd7bdacc2f523c7ee,2024-03-08,0.0,684.0,0.0,0.0,0.0,0.0,0.0,0.0,0.0,0.0,1,0,25000.0,0,0,0,1,1,0,0
6680a81dd7bdacc2f523c7ee,2024-03-09,0.0,830.0,0.0,0.0,0.0,0.0,0.0,0.0,0.0,0.0,1,0,25000.0,0,0,0,1,1,0,0
6680a81dd7bdacc2f523c7ee,2024-03-10,0.0,785.0,0.0,0.0,0.0,0.0,0.0,0.0,0.0,0.0,1,0,25000.0,0,0,0,1,1,0,0
6680a81dd7bdacc2f523c7ee,2024-03-11,0.0,604.0,0.0,0.0,0.0,0.0,0.0,0.0,0.0,0.0,1,0,25000.0,0,0,0,1,1,0,0
6680a81dd7bdacc2f523c7ee,2024-03-12,0.0,699.0,0.0,0.0,0.0,0.0,0.0,0.0,0.0,0.0,1,0,25000.0,0,0,0,1,1,0,0
6680a81dd7bdacc2f523c7ee,2024-03-13,0.0,692.0,0.0,0.0,0.0,0.0,0.0,0.0,0.0,0.0,1,0,25000.0,0,0,0,1,1,0,0
6680a81dd7bdacc2f523c7ee,2024-03-14,0.0,656.0,0.0,0.0,0.0,0.0,0.0,0.0,0.0,0.0,1,0,25000.0,0,0,0,1,1,0,0
6680a81dd7bdacc2f523c7ee,2024-03-15,0.0,300.0,0.0,730.0,0.0,0.0,0.0,0.0,5175.0,0.0,1,0,25000.0,0,0,0,1,1,0,0
6680a81dd7bdacc2f523c7ee,2024-03-16,0.0,0.0,0.0,0.0,0.0,0.0,0.0,0.0,0.0,0.0,1,0,25000.0,0,0,0,1,1,0,0
6680a81dd7bdacc2f523c7ee,2024-03-17,0.0,0.0,0.0,0.0,250.0,5000.0,0.0,0.0,0.0,0.0,1,0,25000.0,0,0,0,1,1,0,0
6680a81dd7bdacc2f523c7ee,2024-03-18,0.0,450.0,0.0,400.0,0.0,0.0,0.0,0.0,0.0,0.0,1,0,25000.0,0,0,0,1,1,0,0
6680a81dd7bdacc2f523c7ee,2024-03-19,0.0,663.0,0.0,0.0,0.0,0.0,0.0,0.0,0.0,0.0,1,0,25000.0,0,0,0,1,1,0,0
6680a81dd7bdacc2f523c7ee,2024-03-20,0.0,712.0,0.0,0.0,0.0,0.0,0.0,0.0,0.0,0.0,1,0,25000.0,0,0,0,1,1,0,0
6680a81dd7bdacc2f523c7ee,2024-03-21,0.0,689.0,0.0,0.0,0.0,0.0,0.0,0.0,0.0,0.0,1,0,25000.0,0,0,0,1,1,0,0
6680a81dd7bdacc2f523c7ee,2024-03-22,0.0,726.0,0.0,0.0,0.0,0.0,0.0,0.0,0.0,0.0,1,0,25000.0,0,0,0,1,1,0,0
6680a81dd7bdacc2f523c7ee,2024-03-23,0.0,710.0,0.0,0.0,0.0,0.0,0.0,0.0,0.0,0.0,1,0,25000.0,0,0,0,1,1,0,0
6680a81dd7bdacc2f523c7ee,2024-03-24,0.0,627.0,0.0,0.0,0.0,0.0,0.0,0.0,0.0,0.0,1,0,25000.0,0,0,0,1,1,0,0
6680a81dd7bdacc2f523c7ee,2024-03-25,0.0,700.0,0.0,0.0,0.0,0.0,0.0,0.0,0.0,0.0,1,0,25000.0,0,0,0,1,1,0,0
6680a81dd7bdacc2f523c7ee,2024-03-26,0.0,615.0,0.0,0.0,0.0,0.0,0.0,0.0,0.0,0.0,1,0,25000.0,0,0,0,1,1,0,0
6680a81dd7bdacc2f523c7ee,2024-03-27,0.0,660.0,0.0,0.0,0.0,0.0,0.0,0.0,0.0,0.0,1,0,25000.0,0,0,0,1,1,0,0
6680a81dd7bdacc2f523c7ee,2024-03-28,0.0,734.0,0.0,0.0,0.0,0.0,0.0,0.0,0.0,0.0,1,0,25000.0,0,0,0,1,1,0,0
6680a81dd7bdacc2f523c7ee,2024-03-29,0.0,694.0,0.0,0.0,0.0,0.0,0.0,0.0,0.0,0.0,1,0,25000.0,0,0,0,1,1,0,0
6680a81dd7bdacc2f523c7ee,2024-03-30,0.0,700.0,0.0,0.0,0.0,0.0,0.0,0.0,0.0,0.0,1,0,25000.0,0,0,0,1,1,0,0
6680a81dd7bdacc2f523c7ee,2024-03-31,0.0,740.0,0.0,0.0,0.0,0.0,0.0,0.0,0.0,0.0,1,0,25000.0,0,0,0,1,1,0,0
6680a81dd7bdacc2f523c7ee,2024-04-01,0.0,747.0,0.0,0.0,0.0,0.0,0.0,0.0,0.0,0.0,1,0,25000.0,0,0,0,1,1,0,0
6680a81dd7bdacc2f523c7ee,2024-04-02,0.0,605.0,0.0,0.0,0.0,0.0,0.0,0.0,0.0,0.0,1,0,25000.0,0,0,0,1,1,0,0
6680a81dd7bdacc2f523c7ee,2024-04-03,0.0,739.0,0.0,0.0,0.0,0.0,0.0,0.0,0.0,0.0,1,0,25000.0,0,0,0,1,1,0,0
6680a81dd7bdacc2f523c7ee,2024-04-04,0.0,637.0,0.0,0.0,0.0,0.0,0.0,0.0,0.0,0.0,1,0,25000.0,0,0,0,1,1,0,0
6680a81dd7bdacc2f523c7ee,2024-04-05,0.0,275.0,0.0,750.0,0.0,0.0,0.0,0.0,0.0,0.0,1,0,25000.0,0,0,0,1,1,0,0
6680a81dd7bdacc2f523c7ee,2024-04-06,0.0,0.0,0.0,0.0,0.0,0.0,0.0,0.0,0.0,0.0,1,0,25000.0,0,0,0,1,1,0,0
6680a81dd7bdacc2f523c7ee,2024-04-07,0.0,0.0,0.0,0.0,0.0,5000.0,0.0,0.0,0.0,0.0,1,0,25000.0,0,0,0,1,1,0,0
6680a81dd7bdacc2f523c7ee,2024-04-08,0.0,400.0,0.0,425.0,0.0,0.0,0.0,0.0,0.0,0.0,1,0,25000.0,0,0,0,1,1,0,0
6680a81dd7bdacc2f523c7ee,2024-04-09,0.0,659.0,0.0,0.0,0.0,0.0,0.0,0.0,0.0,0.0,1,0,25000.0,0,0,0,1,1,0,0
6680a81dd7bdacc2f523c7ee,2024-04-10,0.0,250.0,12000.0,0.0,300.0,0.0,0.0,0.0,0.0,0.0,1,0,25000.0,0,0,0,1,1,0,0
6680a81dd7bdacc2f523c7ee,2024-04-11,0.0,698.0,0.0,0.0,0.0,0.0,0.0,0.0,0.0,0.0,1,0,25000.0,0,0,0,1,1,0,0
6680a81dd7bdacc2f523c7ee,2024-04-12,0.0,672.0,0.0,0.0,0.0,0.0,0.0,0.0,0.0,0.0,1,0,25000.0,0,0,0,1,1,0,0
6680a81dd7bdacc2f523c7ee,2024-04-13,0.0,655.0,0.0,0.0,0.0,0.0,0.0,0.0,0.0,0.0,1,0,25000.0,0,0,0,1,1,0,0
6680a81dd7bdacc2f523c7ee,2024-04-14,0.0,732.0,0.0,0.0,0.0,0.0,0.0,0.0,0.0,0.0,1,0,25000.0,0,0,0,1,1,0,0
6680a81dd7bdacc2f523c7ee,2024-04-15,0.0,732.0,0.0,0.0,0.0,0.0,0.0,0.0,5000.0,0.0,1,0,25000.0,0,0,0,1,1,0,0
6680a81dd7bdacc2f523c7ee,2024-04-16,0.0,742.0,0.0,0.0,0.0,0.0,0.0,0.0,0.0,0.0,1,0,25000.0,0,0,0,1,1,0,0
6680a81dd7bdacc2f523c7ee,2024-04-17,0.0,634.0,0.0,0.0,0.0,0.0,0.0,0.0,0.0,0.0,1,0,25000.0,0,0,0,1,1,0,0
6680a81dd7bdacc2f523c7ee,2024-04-18,0.0,674.0,0.0,0.0,0.0,0.0,0.0,0.0,0.0,0.0,1,0,25000.0,0,0,0,1,1,0,0
6680a81dd7bdacc2f523c7ee,2024-04-19,0.0,602.0,0.0,0.0,0.0,0.0,0.0,0.0,0.0,0.0,1,0,25000.0,0,0,0,1,1,0,0
6680a81dd7bdacc2f523c7ee,2024-04-20,0.0,740.0,0.0,0.0,0.0,0.0,0.0,0.0,0.0,0.0,1,0,25000.0,0,0,0,1,1,0,0
6680a81dd7bdacc2f523c7ee,2024-04-21,0.0,830.0,0.0,0.0,0.0,0.0,0.0,0.0,0.0,0.0,1,0,25000.0,0,0,0,1,1,0,0
6680a81dd7bdacc2f523c7ee,2024-04-22,0.0,734.0,0.0,0.0,0.0,0.0,0.0,0.0,0.0,0.0,1,0,25000.0,0,0,0,1,1,0,0
6680a81dd7bdacc2f523c7ee,2024-04-23,0.0,649.0,0.0,0.0,0.0,0.0,0.0,0.0,0.0,0.0,1,0,25000.0,0,0,0,1,1,0,0
6680a81dd7bdacc2f523c7ee,2024-04-24,0.0,635.0,0.0,0.0,0.0,0.0,0.0,0.0,0.0,0.0,1,0,25000.0,0,0,0,1,1,0,0
6680a81dd7bdacc2f523c7ee,2024-04-25,0.0,738.0,0.0,0.0,0.0,0.0,0.0,0.0,0.0,0.0,1,0,25000.0,0,0,0,1,1,0,0
6680a81dd7bdacc2f523c7ee,2024-04-26,0.0,300.0,0.0,725.0,0.0,0.0,0.0,0.0,0.0,0.0,1,0,25000.0,0,0,0,1,1,0,0
6680a81dd7bdacc2f523c7ee,2024-04-27,0.0,0.0,0.0,0.0,0.0,0.0,0.0,0.0,0.0,0.0,1,0,25000.0,0,0,0,1,1,0,0
6680a81dd7bdacc2f523c7ee,2024-04-28,0.0,0.0,0.0,0.0,100.0,5000.0,0.0,0.0,0.0,0.0,1,0,25000.0,0,0,0,1,1,0,0
6680a81dd7bdacc2f523c7ee,2024-04-29,0.0,420.0,0.0,400.0,0.0,0.0,0.0,0.0,0.0,0.0,1,0,25000.0,0,0,0,1,1,0,0
6680a81dd7bdacc2f523c7ee,2024-04-30,0.0,689.0,0.0,0.0,0.0,0.0,0.0,0.0,0.0,0.0,1,0,25000.0,0,0,0,1,1,0,0
6680a81dd7bdacc2f523c7ee,2024-05-01,0.0,695.0,0.0,0.0,0.0,0.0,0.0,0.0,0.0,0.0,1,0,25000.0,0,0,0,1,1,0,0
6680a81dd7bdacc2f523c7ee,2024-05-02,0.0,607.0,0.0,0.0,0.0,0.0,0.0,0.0,0.0,0.0,1,0,25000.0,0,0,0,1,1,0,0
6680a81dd7bdacc2f523c7ee,2024-05-03,0.0,667.0,0.0,0.0,0.0,0.0,0.0,0.0,0.0,0.0,1,0,25000.0,0,0,0,1,1,0,0
6680a81dd7bdacc2f523c7ee,2024-05-04,0.0,735.0,0.0,0.0,0.0,0.0,0.0,0.0,0.0,0.0,1,0,25000.0,0,0,0,1,1,0,0
6680a81dd7bdacc2f523c7ee,2024-05-05,0.0,645.0,0.0,0.0,0.0,0.0,0.0,0.0,0.0,0.0,1,0,25000.0,0,0,0,1,1,0,0
6680a81dd7bdacc2f523c7ee,2024-05-06,0.0,646.0,0.0,0.0,0.0,0.0,0.0,0.0,0.0,0.0,1,0,25000.0,0,0,0,1,1,0,0
6680a81dd7bdacc2f523c7ee,2024-05-07,0.0,623.0,0.0,0.0,0.0,0.0,0.0,0.0,0.0,0.0,1,0,25000.0,0,0,0,1,1,0,0
6680a81dd7bdacc2f523c7ee,2024-05-08,0.0,628.0,0.0,0.0,0.0,0.0,0.0,0.0,0.0,0.0,1,0,25000.0,0,0,0,1,1,0,0
6680a81dd7bdacc2f523c7ee,2024-05-09,0.0,622.0,0.0,0.0,0.0,0.0,0.0,0.0,0.0,0.0,1,0,25000.0,0,0,0,1,1,0,0
6680a81dd7bdacc2f523c7ee,2024-05-10,0.0,666.0,0.0,0.0,0.0,0.0,0.0,0.0,0.0,0.0,1,0,25000.0,0,0,0,1,1,0,0
6680a81dd7bdacc2f523c7ee,2024-05-11,0.0,750.0,0.0,0.0,0.0,0.0,0.0,0.0,0.0,0.0,1,0,25000.0,0,0,0,1,1,0,0
6680a81dd7bdacc2f523c7ee,2024-05-12,0.0,830.0,0.0,0.0,0.0,0.0,0.0,0.0,0.0,0.0,1,0,25000.0,0,0,0,1,1,0,0
6680a81dd7bdacc2f523c7ee,2024-05-13,0.0,660.0,0.0,0.0,0.0,0.0,0.0,0.0,0.0,0.0,1,0,25000.0,0,0,0,1,1,0,0
6680a81dd7bdacc2f523c7ee,2024-05-14,0.0,633.0,0.0,0.0,0.0,0.0,0.0,0.0,0.0,0.0,1,0,25000.0,0,0,0,1,1,0,0
6680a81dd7bdacc2f523c7ee,2024-05-15,0.0,745.0,0.0,0.0,0.0,0.0,0.0,0.0,5100.0,0.0,1,0,25000.0,0,0,0,1,1,0,0
6680a81dd7bdacc2f523c7ee,2024-05-16,0.0,690.0,0.0,0.0,0.0,0.0,0.0,0.0,0.0,0.0,1,0,25000.0,0,0,0,1,1,0,0
6680a81dd7bdacc2f523c7ee,2024-05-17,0.0,250.0,0.0,720.0,0.0,0.0,0.0,0.0,0.0,0.0,1,0,25000.0,0,0,0,1,1,0,0
6680a81dd7bdacc2f523c7ee,2024-05-18,0.0,0.0,0.0,0.0,0.0,0.0,0.0,0.0,0.0,0.0,1,0,25000.0,0,0,0,1,1,0,0
6680a81dd7bdacc2f523c7ee,2024-05-19,0.0,0.0,0.0,0.0,500.0,5000.0,0.0,0.0,0.0,0.0,1,0,25000.0,0,0,0,1,1,0,0
6680a81dd7bdacc2f523c7ee,2024-05-20,0.0,300.0,0.0,415.0,0.0,0.0,0.0,0.0,0.0,0.0,1,0,25000.0,0,0,0,1,1,0,0
6680a81dd7bdacc2f523c7ee,2024-05-21,0.0,679.0,0.0,0.0,0.0,0.0,0.0,0.0,0.0,0.0,1,0,25000.0,0,0,0,1,1,0,0
6680a81dd7bdacc2f523c7ee,2024-05-22,0.0,689.0,0.0,0.0,0.0,0.0,0.0,0.0,0.0,0.0,1,0,25000.0,0,0,0,1,1,0,0
6680a81dd7bdacc2f523c7ee,2024-05-23,0.0,615.0,0.0,0.0,0.0,0.0,0.0,0.0,0.0,0.0,1,0,25000.0,0,0,0,1,1,0,0
6680a81dd7bdacc2f523c7ee,2024-05-24,0.0,679.0,0.0,0.0,0.0,0.0,0.0,0.0,0.0,0.0,1,0,25000.0,0,0,0,1,1,0,0
6680a81dd7bdacc2f523c7ee,2024-05-25,0.0,850.0,0.0,0.0,0.0,0.0,0.0,0.0,0.0,0.0,1,0,25000.0,0,0,0,1,1,0,0
6680a81dd7bdacc2f523c7ee,2024-05-26,0.0,980.0,0.0,0.0,0.0,0.0,0.0,0.0,0.0,0.0,1,0,25000.0,0,0,0,1,1,0,0
6680a81dd7bdacc2f523c7ee,2024-05-27,0.0,722.0,0.0,0.0,0.0,0.0,0.0,0.0,0.0,0.0,1,0,25000.0,0,0,0,1,1,0,0
6680a81dd7bdacc2f523c7ee,2024-05-28,0.0,632.0,0.0,0.0,0.0,0.0,0.0,0.0,0.0,0.0,1,0,25000.0,0,0,0,1,1,0,0
6680a81dd7bdacc2f523c7ee,2024-05-29,0.0,703.0,0.0,0.0,0.0,0.0,0.0,0.0,0.0,0.0,1,0,25000.0,0,0,0,1,1,0,0
6680a81dd7bdacc2f523c7ee,2024-05-30,0.0,696.0,0.0,0.0,0.0,0.0,0.0,0.0,0.0,0.0,1,0,25000.0,0,0,0,1,1,0,0
6680a81dd7bdacc2f523c7ee,2024-05-31,0.0,655.0,0.0,0.0,0.0,0.0,0.0,0.0,0.0,0.0,1,0,25000.0,0,0,0,1,1,0,0
6680a81dd7bdacc2f523c7ee,2024-06-01,0.0,840.0,0.0,0.0,0.0,0.0,0.0,0.0,0.0,0.0,1,0,25000.0,0,0,0,1,1,0,0
6680a81dd7bdacc2f523c7ee,2024-06-02,0.0,740.0,0.0,0.0,0.0,0.0,0.0,0.0,0.0,0.0,1,0,25000.0,0,0,0,1,1,0,0
6680a81dd7bdacc2f523c7ee,2024-06-03,0.0,670.0,0.0,0.0,0.0,0.0,0.0,0.0,0.0,0.0,1,0,25000.0,0,0,0,1,1,0,0
6680a81dd7bdacc2f523c7ee,2024-06-04,0.0,685.0,0.0,0.0,0.0,0.0,0.0,0.0,0.0,0.0,1,0,25000.0,0,0,0,1,1,0,0
6680a81dd7bdacc2f523c7ee,2024-06-05,0.0,684.0,0.0,0.0,0.0,0.0,0.0,0.0,0.0,0.0,1,0,25000.0,0,0,0,1,1,0,0
6680a81dd7bdacc2f523c7ee,2024-06-06,0.0,669.0,0.0,0.0,0.0,0.0,0.0,0.0,0.0,0.0,1,0,25000.0,0,0,0,1,1,0,0
6680a81dd7bdacc2f523c7ee,2024-06-07,0.0,180.0,0.0,730.0,0.0,0.0,0.0,0.0,0.0,0.0,1,0,25000.0,0,0,0,1,1,0,0
6680a81dd7bdacc2f523c7ee,2024-06-08,0.0,0.0,0.0,0.0,0.0,0.0,0.0,0.0,0.0,0.0,1,0,25000.0,0,0,0,1,1,0,0
6680a81dd7bdacc2f523c7ee,2024-06-09,0.0,0.0,0.0,0.0,0.0,5000.0,0.0,0.0,0.0,0.0,1,0,25000.0,0,0,0,1,1,0,0
6680a81dd7bdacc2f523c7ee,2024-06-10,0.0,450.0,0.0,400.0,0.0,0.0,0.0,0.0,0.0,0.0,1,0,25000.0,0,0,0,1,1,0,0
6680a81dd7bdacc2f523c7ee,2024-06-11,0.0,724.0,0.0,0.0,0.0,0.0,0.0,0.0,0.0,0.0,1,0,25000.0,0,0,0,1,1,0,0
6680a81dd7bdacc2f523c7ee,2024-06-12,0.0,654.0,0.0,0.0,0.0,0.0,0.0,0.0,0.0,0.0,1,0,25000.0,0,0,0,1,1,0,0
6680a81dd7bdacc2f523c7ee,2024-06-13,0.0,733.0,0.0,0.0,0.0,0.0,0.0,0.0,0.0,0.0,1,0,25000.0,0,0,0,1,1,0,0
6680a81dd7bdacc2f523c7ee,2024-06-14,0.0,712.0,0.0,0.0,0.0,0.0,0.0,0.0,0.0,0.0,1,0,25000.0,0,0,0,1,1,0,0
6680a81dd7bdacc2f523c7ee,2024-06-15,0.0,780.0,0.0,0.0,0.0,0.0,0.0,0.0,5120.0,0.0,1,0,25000.0,0,0,0,1,1,0,0
6680a81dd7bdacc2f523c7ee,2024-06-16,0.0,750.0,0.0,0.0,0.0,0.0,0.0,0.0,0.0,0.0,1,0,25000.0,0,0,0,1,1,0,0
6680a81dd7bdacc2f523c7ee,2024-06-17,0.0,671.0,0.0,0.0,0.0,0.0,0.0,0.0,0.0,0.0,1,0,25000.0,0,0,0,1,1,0,0
6680a81dd7bdacc2f523c7ee,2024-06-18,0.0,691.0,0.0,0.0,0.0,0.0,0.0,0.0,0.0,0.0,1,0,25000.0,0,0,0,1,1,0,0
6680a81dd7bdacc2f523c7ee,2024-06-19,0.0,624.0,0.0,0.0,0.0,0.0,0.0,0.0,0.0,0.0,1,0,25000.0,0,0,0,1,1,0,0
6680a81dd7bdacc2f523c7ee,2024-06-20,0.0,702.0,0.0,0.0,0.0,0.0,0.0,0.0,0.0,0.0,1,0,25000.0,0,0,0,1,1,0,0
6680a81dd7bdacc2f523c7ee,2024-06-21,0.0,716.0,0.0,0.0,0.0,0.0,0.0,0.0,0.0,0.0,1,0,25000.0,0,0,0,1,1,0,0
6680a81dd7bdacc2f523c7ee,2024-06-22,0.0,800.0,0.0,0.0,0.0,0.0,0.0,0.0,0.0,0.0,1,0,25000.0,0,0,0,1,1,0,0
6680a81dd7bdacc2f523c7ee,2024-06-23,0.0,725.0,0.0,0.0,0.0,0.0,0.0,0.0,0.0,0.0,1,0,25000.0,0,0,0,1,1,0,0
6680a81dd7bdacc2f523c7ee,2024-06-24,0.0,701.0,0.0,0.0,0.0,0.0,0.0,0.0,0.0,0.0,1,0,25000.0,0,0,0,1,1,0,0
6680a81dd7bdacc2f523c7ee,2024-06-25,0.0,644.0,0.0,0.0,0.0,0.0,0.0,0.0,0.0,0.0,1,0,25000.0,0,0,0,1,1,0,0
6680a81dd7bdacc2f523c7ee,2024-06-26,0.0,626.0,0.0,0.0,0.0,0.0,0.0,0.0,0.0,0.0,1,0,25000.0,0,0,0,1,1,0,0
6680a81dd7bdacc2f523c7ee,2024-06-27,0.0,714.0,0.0,0.0,0.0,0.0,0.0,0.0,0.0,0.0,1,0,25000.0,0,0,0,1,1,0,0
6680a81dd7bdacc2f523c7ee,2024-06-28,0.0,250.0,0.0,740.0,0.0,0.0,0.0,0.0,0.0,0.0,1,0,25000.0,0,0,0,1,1,0,0
6680a81dd7bdacc2f523c7ee,2024-06-29,0.0,0.0,0.0,0.0,0.0,0.0,0.0,0.0,0.0,0.0,1,0,25000.0,0,0,0,1,1,0,0
6680a81dd7bdacc2f523c7ee,2024-06-30,0.0,691.0,0.0,0.0,0.0,0.0,0.0,0.0,0.0,0.0,1,0,25000.0,0,0,0,1,1,0,0
6680a81dd7bdacc2f523c7eb,2024-03-01,0.0,834.0,0.0,0.0,0.0,0.0,0.0,0.0,0.0,0.0,1,0,28000.0,0,0,0,1,1,0,0
6680a81dd7bdacc2f523c7eb,2024-03-02,0.0,850.0,0.0,0.0,0.0,0.0,0.0,0.0,0.0,0.0,1,0,28000.0,0,0,0,1,1,0,0
6680a81dd7bdacc2f523c7eb,2024-03-03,0.0,930.0,0.0,0.0,0.0,0.0,0.0,0.0,0.0,0.0,1,0,28000.0,0,0,0,1,1,0,0
6680a81dd7bdacc2f523c7eb,2024-03-04,0.0,837.0,0.0,0.0,0.0,0.0,0.0,0.0,0.0,0.0,1,0,28000.0,0,0,0,1,1,0,0
6680a81dd7bdacc2f523c7eb,2024-03-05,0.0,790.0,0.0,0.0,0.0,0.0,0.0,0.0,0.0,0.0,1,0,28000.0,0,0,0,1,1,0,0
6680a81dd7bdacc2f523c7eb,2024-03-06,0.0,826.0,0.0,0.0,0.0,0.0,0.0,0.0,0.0,0.0,1,0,28000.0,0,0,0,1,1,0,0
6680a81dd7bdacc2f523c7eb,2024-03-07,0.0,780.0,0.0,0.0,0.0,0.0,0.0,0.0,0.0,0.0,1,0,28000.0,0,0,0,1,1,0,0
6680a81dd7bdacc2f523c7eb,2024-03-08,0.0,300.0,0.0,550.0,0.0,0.0,0.0,0.0,0.0,0.0,1,0,28000.0,0,0,0,1,1,0,0
6680a81dd7bdacc2f523c7eb,2024-03-09,0.0,0.0,0.0,0.0,0.0,0.0,0.0,0.0,0.0,0.0,1,0,28000.0,0,0,0,1,1,0,0
6680a81dd7bdacc2f523c7eb,2024-03-10,0.0,0.0,0.0,0.0,0.0,0.0,0.0,0.0,0.0,0.0,1,0,28000.0,0,0,0,1,1,0,0
6680a81dd7bdacc2f523c7eb,2024-03-11,0.0,782.0,0.0,560.0,0.0,0.0,0.0,0.0,0.0,0.0,1,0,28000.0,0,0,0,1,1,0,0
6680a81dd7bdacc2f523c7eb,2024-03-12,0.0,769.0,0.0,0.0,0.0,0.0,0.0,0.0,0.0,0.0,1,0,28000.0,0,0,0,1,1,0,0
6680a81dd7bdacc2f523c7eb,2024-03-13,0.0,758.0,0.0,0.0,0.0,0.0,0.0,0.0,0.0,0.0,1,0,28000.0,0,0,0,1,1,0,0
6680a81dd7bdacc2f523c7eb,2024-03-14,0.0,751.0,0.0,0.0,0.0,0.0,0.0,0.0,0.0,0.0,1,0,28000.0,0,0,0,1,1,0,0
6680a81dd7bdacc2f523c7eb,2024-03-15,0.0,794.0,0.0,0.0,0.0,0.0,0.0,0.0,5175.0,0.0,1,0,28000.0,0,0,0,1,1,0,0
6680a81dd7bdacc2f523c7eb,2024-03-16,0.0,980.0,0.0,0.0,0.0,0.0,0.0,0.0,0.0,0.0,1,0,28000.0,0,0,0,1,1,0,0
6680a81dd7bdacc2f523c7eb,2024-03-17,0.0,1000.0,0.0,0.0,0.0,0.0,0.0,0.0,0.0,0.0,1,0,28000.0,0,0,0,1,1,0,0
6680a81dd7bdacc2f523c7eb,2024-03-18,0.0,792.0,0.0,0.0,0.0,0.0,0.0,0.0,0.0,0.0,1,0,28000.0,0,0,0,1,1,0,0
6680a81dd7bdacc2f523c7eb,2024-03-19,0.0,832.0,0.0,0.0,0.0,0.0,0.0,0.0,0.0,0.0,1,0,28000.0,0,0,0,1,1,0,0
6680a81dd7bdacc2f523c7eb,2024-03-20,0.0,803.0,0.0,0.0,0.0,0.0,0.0,0.0,0.0,0.0,1,0,28000.0,0,0,0,1,1,0,0
6680a81dd7bdacc2f523c7eb,2024-03-21,0.0,799.0,0.0,0.0,0.0,0.0,0.0,0.0,0.0,0.0,1,0,28000.0,0,0,0,1,1,0,0
6680a81dd7bdacc2f523c7eb,2024-03-22,0.0,270.0,0.0,550.0,0.0,0.0,0.0,0.0,0.0,0.0,1,0,28000.0,0,0,0,1,1,0,0
6680a81dd7bdacc2f523c7eb,2024-03-23,0.0,0.0,0.0,0.0,0.0,0.0,0.0,0.0,0.0,0.0,1,0,28000.0,0,0,0,1,1,0,0
6680a81dd7bdacc2f523c7eb,2024-03-24,0.0,0.0,0.0,0.0,0.0,0.0,0.0,0.0,0.0,0.0,1,0,28000.0,0,0,0,1,1,0,0
6680a81dd7bdacc2f523c7eb,2024-03-25,0.0,813.0,0.0,540.0,0.0,0.0,0.0,0.0,0.0,0.0,1,0,28000.0,0,0,0,1,1,0,0
6680a81dd7bdacc2f523c7eb,2024-03-26,0.0,805.0,0.0,0.0,0.0,0.0,0.0,0.0,0.0,0.0,1,0,28000.0,0,0,0,1,1,0,0
6680a81dd7bdacc2f523c7eb,2024-03-27,0.0,783.0,0.0,0.0,0.0,0.0,0.0,0.0,0.0,0.0,1,0,28000.0,0,0,0,1,1,0,0
6680a81dd7bdacc2f523c7eb,2024-03-28,0.0,845.0,0.0,0.0,0.0,0.0,0.0,0.0,0.0,0.0,1,0,28000.0,0,0,0,1,1,0,0
6680a81dd7bdacc2f523c7eb,2024-03-29,0.0,843.0,0.0,0.0,0.0,0.0,0.0,0.0,0.0,0.0,1,0,28000.0,0,0,0,1,1,0,0
6680a81dd7bdacc2f523c7eb,2024-03-30,0.0,830.0,0.0,0.0,0.0,0.0,0.0,0.0,0.0,0.0,1,0,28000.0,0,0,0,1,1,0,0
6680a81dd7bdacc2f523c7eb,2024-03-31,0.0,600.0,0.0,0.0,0.0,0.0,0.0,0.0,0.0,0.0,1,0,28000.0,0,0,0,1,1,0,0
6680a81dd7bdacc2f523c7eb,2024-04-01,0.0,753.0,0.0,0.0,0.0,0.0,0.0,0.0,0.0,0.0,1,0,28000.0,0,0,0,1,1,0,0
6680a81dd7bdacc2f523c7eb,2024-04-02,0.0,761.0,0.0,0.0,0.0,0.0,0.0,0.0,0.0,0.0,1,0,28000.0,0,0,0,1,1,0,0
6680a81dd7bdacc2f523c7eb,2024-04-03,0.0,834.0,0.0,0.0,0.0,0.0,0.0,0.0,0.0,0.0,1,0,28000.0,0,0,0,1,1,0,0
6680a81dd7bdacc2f523c7eb,2024-04-04,0.0,760.0,0.0,0.0,0.0,0.0,0.0,0.0,0.0,0.0,1,0,28000.0,0,0,0,1,1,0,0
6680a81dd7bdacc2f523c7eb,2024-04-05,0.0,280.0,0.0,545.0,0.0,0.0,0.0,0.0,0.0,0.0,1,0,28000.0,0,0,0,1,1,0,0
6680a81dd7bdacc2f523c7eb,2024-04-06,0.0,0.0,0.0,0.0,0.0,0.0,0.0,0.0,0.0,0.0,1,0,28000.0,0,0,0,1,1,0,0
6680a81dd7bdacc2f523c7eb,2024-04-07,0.0,0.0,0.0,0.0,0.0,0.0,0.0,0.0,0.0,0.0,1,0,28000.0,0,0,0,1,1,0,0
6680a81dd7bdacc2f523c7eb,2024-04-08,0.0,752.0,0.0,550.0,0.0,0.0,0.0,0.0,0.0,0.0,1,0,28000.0,0,0,0,1,1,0,0
6680a81dd7bdacc2f523c7eb,2024-04-09,0.0,792.0,0.0,0.0,0.0,0.0,0.0,0.0,0.0,0.0,1,0,28000.0,0,0,0,1,1,0,0
6680a81dd7bdacc2f523c7eb,2024-04-10,0.0,803.0,0.0,0.0,0.0,0.0,0.0,0.0,0.0,0.0,1,0,28000.0,0,0,0,1,1,0,0
6680a81dd7bdacc2f523c7eb,2024-04-11,0.0,805.0,0.0,0.0,0.0,0.0,0.0,0.0,0.0,0.0,1,0,28000.0,0,0,0,1,1,0,0
6680a81dd7bdacc2f523c7eb,2024-04-12,0.0,754.0,0.0,0.0,0.0,0.0,0.0,0.0,0.0,0.0,1,0,28000.0,0,0,0,1,1,0,0
6680a81dd7bdacc2f523c7eb,2024-04-13,0.0,925.0,0.0,0.0,0.0,0.0,0.0,0.0,0.0,0.0,1,0,28000.0,0,0,0,1,1,0,0
6680a81dd7bdacc2f523c7eb,2024-04-14,0.0,830.0,0.0,0.0,0.0,0.0,0.0,0.0,0.0,0.0,1,0,28000.0,0,0,0,1,1,0,0
6680a81dd7bdacc2f523c7eb,2024-04-15,0.0,781.0,0.0,0.0,0.0,0.0,0.0,0.0,5000.0,0.0,1,0,28000.0,0,0,0,1,1,0,0
6680a81dd7bdacc2f523c7eb,2024-04-16,0.0,824.0,0.0,0.0,0.0,0.0,0.0,0.0,0.0,0.0,1,0,28000.0,0,0,0,1,1,0,0
6680a81dd7bdacc2f523c7eb,2024-04-17,0.0,797.0,0.0,0.0,0.0,0.0,0.0,0.0,0.0,0.0,1,0,28000.0,0,0,0,1,1,0,0
6680a81dd7bdacc2f523c7eb,2024-04-18,0.0,756.0,0.0,0.0,0.0,0.0,0.0,0.0,0.0,0.0,1,0,28000.0,0,0,0,1,1,0,0
6680a81dd7bdacc2f523c7eb,2024-04-19,0.0,250.0,0.0,540.0,0.0,0.0,0.0,0.0,0.0,0.0,1,0,28000.0,0,0,0,1,1,0,0
6680a81dd7bdacc2f523c7eb,2024-04-20,0.0,0.0,0.0,0.0,0.0,0.0,0.0,0.0,0.0,0.0,1,0,28000.0,0,0,0,1,1,0,0
6680a81dd7bdacc2f523c7eb,2024-04-21,0.0,0.0,0.0,0.0,0.0,0.0,0.0,0.0,0.0,0.0,1,0,28000.0,0,0,0,1,1,0,0
6680a81dd7bdacc2f523c7eb,2024-04-22,0.0,0.0,0.0,0.0,0.0,0.0,0.0,0.0,0.0,0.0,1,0,28000.0,0,0,0,1,1,0,0
6680a81dd7bdacc2f523c7eb,2024-04-23,0.0,762.0,0.0,540.0,0.0,0.0,0.0,0.0,0.0,0.0,1,0,28000.0,0,0,0,1,1,0,0
6680a81dd7bdacc2f523c7eb,2024-04-24,0.0,803.0,0.0,0.0,0.0,0.0,0.0,0.0,0.0,0.0,1,0,28000.0,0,0,0,1,1,0,0
6680a81dd7bdacc2f523c7eb,2024-04-25,0.0,840.0,0.0,0.0,0.0,0.0,0.0,0.0,0.0,0.0,1,0,28000.0,0,0,0,1,1,0,0
6680a81dd7bdacc2f523c7eb,2024-04-26,0.0,846.0,0.0,0.0,0.0,0.0,0.0,0.0,0.0,0.0,1,0,28000.0,0,0,0,1,1,0,0
6680a81dd7bdacc2f523c7eb,2024-04-27,0.0,890.0,0.0,0.0,0.0,0.0,0.0,0.0,0.0,0.0,1,0,28000.0,0,0,0,1,1,0,0
6680a81dd7bdacc2f523c7eb,2024-04-28,0.0,900.0,0.0,0.0,0.0,0.0,0.0,0.0,0.0,0.0,1,0,28000.0,0,0,0,1,1,0,0
6680a81dd7bdacc2f523c7eb,2024-04-29,0.0,849.0,0.0,0.0,0.0,0.0,0.0,0.0,0.0,0.0,1,0,28000.0,0,0,0,1,1,0,0
6680a81dd7bdacc2f523c7eb,2024-04-30,0.0,767.0,0.0,0.0,0.0,0.0,0.0,0.0,0.0,0.0,1,0,28000.0,0,0,0,1,1,0,0
6680a81dd7bdacc2f523c7eb,2024-05-01,0.0,845.0,0.0,0.0,0.0,0.0,0.0,0.0,0.0,0.0,1,0,28000.0,0,0,0,1,1,0,0
6680a81dd7bdacc2f523c7eb,2024-05-02,0.0,791.0,0.0,0.0,0.0,0.0,0.0,0.0,0.0,0.0,1,0,28000.0,0,0,0,1,1,0,0
6680a81dd7bdacc2f523c7eb,2024-05-03,0.0,170.0,0.0,560.0,0.0,0.0,0.0,0.0,0.0,0.0,1,0,28000.0,0,0,0,1,1,0,0
6680a81dd7bdacc2f523c7eb,2024-05-04,0.0,0.0,0.0,0.0,0.0,0.0,0.0,0.0,0.0,0.0,1,0,28000.0,0,0,0,1,1,0,0
6680a81dd7bdacc2f523c7eb,2024-05-05,0.0,0.0,0.0,0.0,0.0,0.0,0.0,0.0,0.0,0.0,1,0,28000.0,0,0,0,1,1,0,0
6680a81dd7bdacc2f523c7eb,2024-05-06,0.0,762.0,0.0,550.0,0.0,0.0,0.0,0.0,0.0,0.0,1,0,28000.0,0,0,0,1,1,0,0
6680a81dd7bdacc2f523c7eb,2024-05-07,0.0,816.0,0.0,0.0,0.0,0.0,0.0,0.0,0.0,0.0,1,0,28000.0,0,0,0,1,1,0,0
6680a81dd7bdacc2f523c7eb,2024-05-08,0.0,807.0,0.0,0.0,0.0,0.0,0.0,0.0,0.0,0.0,1,0,28000.0,0,0,0,1,1,0,0
6680a81dd7bdacc2f523c7eb,2024-05-09,0.0,846.0,0.0,0.0,0.0,0.0,0.0,0.0,0.0,0.0,1,0,28000.0,0,0,0,1,1,0,0
6680a81dd7bdacc2f523c7eb,2024-05-10,0.0,804.0,0.0,0.0,0.0,0.0,0.0,0.0,0.0,0.0,1,0,28000.0,0,0,0,1,1,0,0
6680a81dd7bdacc2f523c7eb,2024-05-11,0.0,1000.0,0.0,0.0,0.0,0.0,0.0,0.0,0.0,0.0,1,0,28000.0,0,0,0,1,1,0,0
6680a81dd7bdacc2f523c7eb,2024-05-12,0.0,950.0,0.0,0.0,0.0,0.0,0.0,0.0,0.0,0.0,1,0,28000.0,0,0,0,1,1,0,0
6680a81dd7bdacc2f523c7eb,2024-05-13,0.0,785.0,0.0,0.0,0.0,0.0,0.0,0.0,0.0,0.0,1,0,28000.0,0,0,0,1,1,0,0
6680a81dd7bdacc2f523c7eb,2024-05-14,0.0,769.0,0.0,0.0,0.0,0.0,0.0,0.0,0.0,0.0,1,0,28000.0,0,0,0,1,1,0,0
6680a81dd7bdacc2f523c7eb,2024-05-15,0.0,778.0,0.0,0.0,0.0,0.0,0.0,0.0,5100.0,0.0,1,0,28000.0,0,0,0,1,1,0,0
6680a81dd7bdacc2f523c7eb,2024-05-16,0.0,846.0,0.0,0.0,0.0,0.0,0.0,0.0,0.0,0.0,1,0,28000.0,0,0,0,1,1,0,0
6680a81dd7bdacc2f523c7eb,2024-05-17,0.0,335.0,0.0,530.0,0.0,0.0,0.0,0.0,0.0,0.0,1,0,28000.0,0,0,0,1,1,0,0
6680a81dd7bdacc2f523c7eb,2024-05-18,0.0,0.0,0.0,0.0,0.0,0.0,0.0,0.0,0.0,0.0,1,0,28000.0,0,0,0,1,1,0,0
6680a81dd7bdacc2f523c7eb,2024-05-19,0.0,0.0,0.0,0.0,0.0,0.0,0.0,0.0,0.0,0.0,1,0,28000.0,0,0,0,1,1,0,0
6680a81dd7bdacc2f523c7eb,2024-05-20,0.0,801.0,0.0,550.0,0.0,0.0,0.0,0.0,0.0,0.0,1,0,28000.0,0,0,0,1,1,0,0
6680a81dd7bdacc2f523c7eb,2024-05-21,0.0,753.0,0.0,0.0,0.0,0.0,0.0,0.0,0.0,0.0,1,0,28000.0,0,0,0,1,1,0,0
6680a81dd7bdacc2f523c7eb,2024-05-22,0.0,754.0,0.0,0.0,0.0,0.0,0.0,0.0,0.0,0.0,1,0,28000.0,0,0,0,1,1,0,0
6680a81dd7bdacc2f523c7eb,2024-05-23,0.0,810.0,0.0,0.0,0.0,0.0,0.0,0.0,0.0,0.0,1,0,28000.0,0,0,0,1,1,0,0
6680a81dd7bdacc2f523c7eb,2024-05-24,0.0,775.0,0.0,0.0,0.0,0.0,0.0,0.0,0.0,0.0,1,0,28000.0,0,0,0,1,1,0,0
6680a81dd7bdacc2f523c7eb,2024-05-25,0.0,830.0,0.0,0.0,0.0,0.0,0.0,0.0,0.0,0.0,1,0,28000.0,0,0,0,1,1,0,0
6680a81dd7bdacc2f523c7eb,2024-05-26,0.0,980.0,0.0,0.0,0.0,0.0,0.0,0.0,0.0,0.0,1,0,28000.0,0,0,0,1,1,0,0
6680a81dd7bdacc2f523c7eb,2024-05-27,0.0,792.0,0.0,0.0,0.0,0.0,0.0,0.0,0.0,0.0,1,0,28000.0,0,0,0,1,1,0,0
6680a81dd7bdacc2f523c7eb,2024-05-28,0.0,838.0,0.0,0.0,0.0,0.0,0.0,0.0,0.0,0.0,1,0,28000.0,0,0,0,1,1,0,0
6680a81dd7bdacc2f523c7eb,2024-05-29,0.0,824.0,0.0,0.0,0.0,0.0,0.0,0.0,0.0,0.0,1,0,28000.0,0,0,0,1,1,0,0
6680a81dd7bdacc2f523c7eb,2024-05-30,0.0,791.0,0.0,0.0,0.0,0.0,0.0,0.0,0.0,0.0,1,0,28000.0,0,0,0,1,1,0,0
6680a81dd7bdacc2f523c7eb,2024-05-31,0.0,280.0,0.0,540.0,0.0,0.0,0.0,0.0,0.0,0.0,1,0,28000.0,0,0,0,1,1,0,0
6680a81dd7bdacc2f523c7eb,2024-06-01,0.0,0.0,0.0,0.0,0.0,0.0,0.0,0.0,0.0,0.0,1,0,28000.0,0,0,0,1,1,0,0
6680a81dd7bdacc2f523c7eb,2024-06-02,0.0,0.0,0.0,0.0,0.0,0.0,0.0,0.0,0.0,0.0,1,0,28000.0,0,0,0,1,1,0,0
6680a81dd7bdacc2f523c7eb,2024-06-03,0.0,794.0,0.0,530.0,0.0,0.0,0.0,0.0,0.0,0.0,1,0,28000.0,0,0,0,1,1,0,0
6680a81dd7bdacc2f523c7eb,2024-06-04,0.0,783.0,0.0,0.0,0.0,0.0,0.0,0.0,0.0,0.0,1,0,28000.0,0,0,0,1,1,0,0
6680a81dd7bdacc2f523c7eb,2024-06-05,0.0,783.0,0.0,0.0,0.0,0.0,0.0,0.0,0.0,0.0,1,0,28000.0,0,0,0,1,1,0,0
6680a81dd7bdacc2f523c7eb,2024-06-06,0.0,768.0,0.0,0.0,0.0,0.0,0.0,0.0,0.0,0.0,1,0,28000.0,0,0,0,1,1,0,0
6680a81dd7bdacc2f523c7eb,2024-06-07,0.0,775.0,0.0,0.0,0.0,0.0,0.0,0.0,0.0,0.0,1,0,28000.0,0,0,0,1,1,0,0
6680a81dd7bdacc2f523c7eb,2024-06-08,0.0,950.0,0.0,0.0,0.0,0.0,0.0,0.0,0.0,0.0,1,0,28000.0,0,0,0,1,1,0,0
6680a81dd7bdacc2f523c7eb,2024-06-09,0.0,940.0,0.0,0.0,0.0,0.0,0.0,0.0,0.0,0.0,1,0,28000.0,0,0,0,1,1,0,0
6680a81dd7bdacc2f523c7eb,2024-06-10,0.0,843.0,0.0,0.0,0.0,0.0,0.0,0.0,0.0,0.0,1,0,28000.0,0,0,0,1,1,0,0
6680a81dd7bdacc2f523c7eb,2024-06-11,0.0,795.0,0.0,0.0,0.0,0.0,0.0,0.0,0.0,0.0,1,0,28000.0,0,0,0,1,1,0,0
6680a81dd7bdacc2f523c7eb,2024-06-12,0.0,846.0,0.0,0.0,0.0,0.0,0.0,0.0,0.0,0.0,1,0,28000.0,0,0,0,1,1,0,0
6680a81dd7bdacc2f523c7eb,2024-06-13,0.0,750.0,0.0,0.0,0.0,0.0,0.0,0.0,0.0,0.0,1,0,28000.0,0,0,0,1,1,0,0
6680a81dd7bdacc2f523c7eb,2024-06-14,0.0,230.0,0.0,530.0,0.0,0.0,0.0,0.0,0.0,0.0,1,0,28000.0,0,0,0,1,1,0,0
6680a81dd7bdacc2f523c7eb,2024-06-15,0.0,0.0,0.0,0.0,0.0,0.0,0.0,0.0,5120.0,0.0,1,0,28000.0,0,0,0,1,1,0,0
6680a81dd7bdacc2f523c7eb,2024-06-16,0.0,0.0,0.0,0.0,0.0,0.0,0.0,0.0,0.0,0.0,1,0,28000.0,0,0,0,1,1,0,0
6680a81dd7bdacc2f523c7eb,2024-06-17,0.0,762.0,0.0,550.0,0.0,0.0,0.0,0.0,0.0,0.0,1,0,28000.0,0,0,0,1,1,0,0
6680a81dd7bdacc2f523c7eb,2024-06-18,0.0,765.0,0.0,0.0,0.0,0.0,0.0,0.0,0.0,0.0,1,0,28000.0,0,0,0,1,1,0,0
6680a81dd7bdacc2f523c7eb,2024-06-19,0.0,796.0,0.0,0.0,0.0,0.0,0.0,0.0,0.0,0.0,1,0,28000.0,0,0,0,1,1,0,0
6680a81dd7bdacc2f523c7eb,2024-06-20,0.0,826.0,0.0,0.0,0.0,0.0,0.0,0.0,0.0,0.0,1,0,28000.0,0,0,0,1,1,0,0
6680a81dd7bdacc2f523c7eb,2024-06-21,0.0,768.0,0.0,0.0,0.0,0.0,0.0,0.0,0.0,0.0,1,0,28000.0,0,0,0,1,1,0,0
6680a81dd7bdacc2f523c7eb,2024-06-22,0.0,850.0,0.0,0.0,0.0,0.0,0.0,0.0,0.0,0.0,1,0,28000.0,0,0,0,1,1,0,0
6680a81dd7bdacc2f523c7eb,2024-06-23,0.0,930.0,0.0,0.0,0.0,0.0,0.0,0.0,0.0,0.0,1,0,28000.0,0,0,0,1,1,0,0
6680a81dd7bdacc2f523c7eb,2024-06-24,0.0,765.0,0.0,0.0,0.0,0.0,0.0,0.0,0.0,0.0,1,0,28000.0,0,0,0,1,1,0,0
6680a81dd7bdacc2f523c7eb,2024-06-25,0.0,757.0,0.0,0.0,0.0,0.0,0.0,0.0,0.0,0.0,1,0,28000.0,0,0,0,1,1,0,0
6680a81dd7bdacc2f523c7eb,2024-06-26,0.0,761.0,0.0,0.0,0.0,0.0,0.0,0.0,0.0,0.0,1,0,28000.0,0,0,0,1,1,0,0
6680a81dd7bdacc2f523c7eb,2024-06-27,0.0,810.0,0.0,0.0,0.0,0.0,0.0,0.0,0.0,0.0,1,0,28000.0,0,0,0,1,1,0,0
6680a81dd7bdacc2f523c7eb,2024-06-28,0.0,275.0,0.0,540.0,0.0,0.0,0.0,0.0,0.0,0.0,1,0,28000.0,0,0,0,1,1,0,0
6680a81dd7bdacc2f523c7eb,2024-06-29,0.0,0.0,0.0,0.0,0.0,0.0,0.0,0.0,0.0,0.0,1,0,28000.0,0,0,0,1,1,0,0
6680a81dd7bdacc2f523c7eb,2024-06-30,0.0,0.0,0.0,0.0,0.0,0.0,0.0,0.0,0.0,0.0,1,0,28000.0,0,0,0,1,1,0,0
6680a81dd7bdacc2f523c7ec,2024-03-01,0.0,200.0,0.0,460.0,0.0,0.0,0.0,0.0,0.0,0.0,1,0,5000.0,0,0,0,1,1,0,0
6680a81dd7bdacc2f523c7ec,2024-03-02,3000.0,600.0,0.0,0.0,500.0,0.0,0.0,0.0,0.0,0.0,1,0,5000.0,0,0,0,1,1,0,0
6680a81dd7bdacc2f523c7ec,2024-03-03,0.0,300.0,0.0,0.0,0.0,0.0,0.0,0.0,0.0,0.0,1,0,5000.0,0,0,0,1,1,0,0
6680a81dd7bdacc2f523c7ec,2024-03-04,0.0,488.0,0.0,250.0,0.0,0.0,0.0,0.0,0.0,0.0,1,0,5000.0,0,0,0,1,1,0,0
6680a81dd7bdacc2f523c7ec,2024-03-05,0.0,465.0,0.0,0.0,0.0,0.0,0.0,0.0,0.0,0.0,1,0,5000.0,0,0,0,1,1,0,0
6680a81dd7bdacc2f523c7ec,2024-03-06,0.0,508.0,0.0,0.0,0.0,0.0,0.0,0.0,0.0,0.0,1,0,5000.0,0,0,0,1,1,0,0
6680a81dd7bdacc2f523c7ec,2024-03-07,0.0,517.0,0.0,0.0,0.0,0.0,0.0,0.0,0.0,0.0,1,0,5000.0,0,0,0,1,1,0,0
6680a81dd7bdacc2f523c7ec,2024-03-08,0.0,230.0,0.0,450.0,0.0,0.0,0.0,0.0,0.0,0.0,1,0,5000.0,0,0,0,1,1,0,0
6680a81dd7bdacc2f523c7ec,2024-03-09,11000.0,630.0,0.0,0.0,500.0,0.0,0.0,0.0,0.0,0.0,1,0,5000.0,0,0,0,1,1,0,0
6680a81dd7bdacc2f523c7ec,2024-03-10,0.0,320.0,0.0,0.0,0.0,0.0,0.0,0.0,0.0,0.0,1,0,5000.0,0,0,0,1,1,0,0
6680a81dd7bdacc2f523c7ec,2024-03-11,0.0,509.0,0.0,245.0,0.0,0.0,0.0,0.0,0.0,0.0,1,0,5000.0,0,0,0,1,1,0,0
6680a81dd7bdacc2f523c7ec,2024-03-12,0.0,515.0,0.0,0.0,0.0,0.0,0.0,0.0,0.0,0.0,1,0,5000.0,0,0,0,1,1,0,0
6680a81dd7bdacc2f523c7ec,2024-03-13,0.0,448.0,0.0,0.0,0.0,0.0,0.0,0.0,0.0,0.0,1,0,5000.0,0,0,0,1,1,0,0
6680a81dd7bdacc2f523c7ec,2024-03-14,0.0,486.0,0.0,0.0,0.0,0.0,0.0,0.0,0.0,0.0,1,0,5000.0,0,0,0,1,1,0,0
6680a81dd7bdacc2f523c7ec,2024-03-15,0.0,250.0,0.0,500.0,0.0,0.0,0.0,0.0,5200.0,0.0,1,0,5000.0,0,0,0,1,1,0,0
6680a81dd7bdacc2f523c7ec,2024-03-16,3000.0,580.0,0.0,0.0,500.0,0.0,0.0,0.0,0.0,0.0,1,0,5000.0,0,0,0,1,1,0,0
6680a81dd7bdacc2f523c7ec,2024-03-17,0.0,300.0,0.0,0.0,0.0,0.0,0.0,0.0,0.0,0.0,1,0,5000.0,0,0,0,1,1,0,0
6680a81dd7bdacc2f523c7ec,2024-03-18,0.0,441.0,0.0,260.0,0.0,0.0,0.0,0.0,0.0,0.0,1,0,5000.0,0,0,0,1,1,0,0
6680a81dd7bdacc2f523c7ec,2024-03-19,0.0,517.0,0.0,0.0,0.0,0.0,0.0,0.0,0.0,0.0,1,0,5000.0,0,0,0,1,1,0,0
6680a81dd7bdacc2f523c7ec,2024-03-20,0.0,459.0,0.0,0.0,0.0,0.0,0.0,0.0,0.0,0.0,1,0,5000.0,0,0,0,1,1,0,0
6680a81dd7bdacc2f523c7ec,2024-03-21,0.0,473.0,0.0,0.0,0.0,0.0,0.0,0.0,0.0,0.0,1,0,5000.0,0,0,0,1,1,0,0
6680a81dd7bdacc2f523c7ec,2024-03-22,0.0,270.0,0.0,550.0,0.0,0.0,0.0,0.0,0.0,0.0,1,0,5000.0,0,0,0,1,1,0,0
6680a81dd7bdacc2f523c7ec,2024-03-23,3000.0,630.0,0.0,0.0,450.0,0.0,0.0,0.0,0.0,0.0,1,0,5000.0,0,0,0,1,1,0,0
6680a81dd7bdacc2f523c7ec,2024-03-24,0.0,200.0,0.0,0.0,0.0,0.0,0.0,0.0,0.0,0.0,1,0,5000.0,0,0,0,1,1,0,0
6680a81dd7bdacc2f523c7ec,2024-03-25,0.0,436.0,0.0,250.0,0.0,0.0,0.0,0.0,0.0,0.0,1,0,5000.0,0,0,0,1,1,0,0
6680a81dd7bdacc2f523c7ec,2024-03-26,0.0,448.0,0.0,0.0,0.0,0.0,0.0,0.0,0.0,0.0,1,0,5000.0,0,0,0,1,1,0,0
6680a81dd7bdacc2f523c7ec,2024-03-27,0.0,463.0,0.0,0.0,0.0,0.0,0.0,0.0,0.0,0.0,1,0,5000.0,0,0,0,1,1,0,0
6680a81dd7bdacc2f523c7ec,2024-03-28,0.0,462.0,0.0,0.0,0.0,0.0,0.0,0.0,0.0,0.0,1,0,5000.0,0,0,0,1,1,0,0
6680a81dd7bdacc2f523c7ec,2024-03-29,0.0,320.0,0.0,540.0,0.0,0.0,0.0,0.0,0.0,0.0,1,0,5000.0,0,0,0,1,1,0,0
6680a81dd7bdacc2f523c7ec,2024-03-30,3000.0,570.0,0.0,0.0,500.0,0.0,0.0,0.0,0.0,0.0,1,0,5000.0,0,0,0,1,1,0,0
6680a81dd7bdacc2f523c7ec,2024-03-31,0.0,320.0,0.0,0.0,0.0,0.0,0.0,0.0,0.0,0.0,1,0,5000.0,0,0,0,1,1,0,0
6680a81dd7bdacc2f523c7ec,2024-04-01,0.0,437.0,0.0,230.0,0.0,0.0,0.0,0.0,0.0,0.0,1,0,5000.0,0,0,0,1,1,0,0
6680a81dd7bdacc2f523c7ec,2024-04-02,0.0,442.0,0.0,0.0,0.0,0.0,0.0,0.0,0.0,0.0,1,0,5000.0,0,0,0,1,1,0,0
6680a81dd7bdacc2f523c7ec,2024-04-03,0.0,464.0,0.0,0.0,0.0,0.0,0.0,0.0,0.0,0.0,1,0,5000.0,0,0,0,1,1,0,0
6680a81dd7bdacc2f523c7ec,2024-04-04,0.0,508.0,0.0,0.0,0.0,0.0,0.0,0.0,0.0,0.0,1,0,5000.0,0,0,0,1,1,0,0
6680a81dd7bdacc2f523c7ec,2024-04-05,0.0,300.0,0.0,545.0,0.0,0.0,0.0,0.0,0.0,0.0,1,0,5000.0,0,0,0,1,1,0,0
6680a81dd7bdacc2f523c7ec,2024-04-06,3000.0,580.0,0.0,0.0,500.0,0.0,0.0,0.0,0.0,0.0,1,0,5000.0,0,0,0,1,1,0,0
6680a81dd7bdacc2f523c7ec,2024-04-07,0.0,310.0,0.0,0.0,0.0,0.0,0.0,0.0,0.0,0.0,1,0,5000.0,0,0,0,1,1,0,0
6680a81dd7bdacc2f523c7ec,2024-04-08,0.0,470.0,0.0,240.0,0.0,0.0,0.0,0.0,0.0,0.0,1,0,5000.0,0,0,0,1,1,0,0
6680a81dd7bdacc2f523c7ec,2024-04-09,0.0,478.0,0.0,0.0,0.0,0.0,0.0,0.0,0.0,0.0,1,0,5000.0,0,0,0,1,1,0,0
6680a81dd7bdacc2f523c7ec,2024-04-10,0.0,481.0,0.0,0.0,0.0,0.0,0.0,0.0,0.0,0.0,1,0,5000.0,0,0,0,1,1,0,0
6680a81dd7bdacc2f523c7ec,2024-04-11,0.0,496.0,0.0,0.0,0.0,0.0,0.0,0.0,0.0,0.0,1,0,5000.0,0,0,0,1,1,0,0
6680a81dd7bdacc2f523c7ec,2024-04-12,0.0,200.0,0.0,530.0,0.0,0.0,0.0,0.0,0.0,0.0,1,0,5000.0,0,0,0,1,1,0,0
6680a81dd7bdacc2f523c7ec,2024-04-13,11000.0,550.0,0.0,0.0,500.0,0.0,0.0,0.0,0.0,0.0,1,0,5000.0,0,0,0,1,1,0,0
6680a81dd7bdacc2f523c7ec,2024-04-14,0.0,250.0,0.0,0.0,0.0,0.0,0.0,0.0,0.0,0.0,1,0,5000.0,0,0,0,1,1,0,0
6680a81dd7bdacc2f523c7ec,2024-04-15,0.0,459.0,0.0,250.0,0.0,0.0,0.0,0.0,5000.0,0.0,1,0,5000.0,0,0,0,1,1,0,0
6680a81dd7bdacc2f523c7ec,2024-04-16,0.0,503.0,0.0,0.0,0.0,0.0,0.0,0.0,0.0,0.0,1,0,5000.0,0,0,0,1,1,0,0
6680a81dd7bdacc2f523c7ec,2024-04-17,0.0,490.0,0.0,0.0,0.0,0.0,0.0,0.0,0.0,0.0,1,0,5000.0,0,0,0,1,1,0,0
6680a81dd7bdacc2f523c7ec,2024-04-18,0.0,440.0,0.0,0.0,0.0,0.0,0.0,0.0,0.0,0.0,1,0,5000.0,0,0,0,1,1,0,0
6680a81dd7bdacc2f523c7ec,2024-04-19,0.0,230.0,0.0,540.0,0.0,0.0,0.0,0.0,0.0,0.0,1,0,5000.0,0,0,0,1,1,0,0
6680a81dd7bdacc2f523c7ec,2024-04-20,3000.0,600.0,0.0,0.0,450.0,0.0,0.0,0.0,0.0,0.0,1,0,5000.0,0,0,0,1,1,0,0
6680a81dd7bdacc2f523c7ec,2024-04-21,0.0,235.0,0.0,0.0,0.0,0.0,0.0,0.0,0.0,0.0,1,0,5000.0,0,0,0,1,1,0,0
6680a81dd7bdacc2f523c7ec,2024-04-22,0.0,488.0,0.0,280.0,0.0,0.0,0.0,0.0,0.0,0.0,1,0,5000.0,0,0,0,1,1,0,0
6680a81dd7bdacc2f523c7ec,2024-04-23,0.0,445.0,0.0,0.0,0.0,0.0,0.0,0.0,0.0,0.0,1,0,5000.0,0,0,0,1,1,0,0
6680a81dd7bdacc2f523c7ec,2024-04-24,0.0,479.0,0.0,0.0,0.0,0.0,0.0,0.0,0.0,0.0,1,0,5000.0,0,0,0,1,1,0,0
6680a81dd7bdacc2f523c7ec,2024-04-25,0.0,500.0,0.0,0.0,0.0,0.0,0.0,0.0,0.0,0.0,1,0,5000.0,0,0,0,1,1,0,0
6680a81dd7bdacc2f523c7ec,2024-04-26,0.0,200.0,0.0,545.0,0.0,0.0,0.0,0.0,0.0,0.0,1,0,5000.0,0,0,0,1,1,0,0
6680a81dd7bdacc2f523c7ec,2024-04-27,3000.0,690.0,0.0,0.0,500.0,0.0,0.0,0.0,0.0,0.0,1,0,5000.0,0,0,0,1,1,0,0
6680a81dd7bdacc2f523c7ec,2024-04-28,0.0,530.0,0.0,0.0,0.0,0.0,0.0,0.0,0.0,0.0,1,0,5000.0,0,0,0,1,1,0,0
6680a81dd7bdacc2f523c7ec,2024-04-29,0.0,450.0,0.0,230.0,0.0,0.0,0.0,0.0,0.0,0.0,1,0,5000.0,0,0,0,1,1,0,0
6680a81dd7bdacc2f523c7ec,2024-04-30,0.0,499.0,0.0,0.0,0.0,0.0,0.0,0.0,0.0,0.0,1,0,5000.0,0,0,0,1,1,0,0
6680a81dd7bdacc2f523c7ec,2024-05-01,0.0,498.0,0.0,0.0,0.0,0.0,0.0,0.0,0.0,0.0,1,0,5000.0,0,0,0,1,1,0,0
6680a81dd7bdacc2f523c7ec,2024-05-02,0.0,460.0,0.0,0.0,0.0,0.0,0.0,0.0,0.0,0.0,1,0,5000.0,0,0,0,1,1,0,0
6680a81dd7bdacc2f523c7ec,2024-05-03,0.0,180.0,0.0,560.0,0.0,0.0,0.0,0.0,0.0,0.0,1,0,5000.0,0,0,0,1,1,0,0
6680a81dd7bdacc2f523c7ec,2024-05-04,3000.0,570.0,0.0,0.0,500.0,0.0,0.0,0.0,0.0,0.0,1,0,5000.0,0,0,0,1,1,0,0
6680a81dd7bdacc2f523c7ec,2024-05-05,0.0,320.0,0.0,0.0,0.0,0.0,0.0,0.0,0.0,0.0,1,0,5000.0,0,0,0,1,1,0,0
6680a81dd7bdacc2f523c7ec,2024-05-06,0.0,484.0,0.0,240.0,0.0,0.0,0.0,0.0,0.0,0.0,1,0,5000.0,0,0,0,1,1,0,0
6680a81dd7bdacc2f523c7ec,2024-05-07,0.0,470.0,0.0,0.0,0.0,0.0,0.0,0.0,0.0,0.0,1,0,5000.0,0,0,0,1,1,0,0
6680a81dd7bdacc2f523c7ec,2024-05-08,0.0,444.0,0.0,0.0,0.0,0.0,0.0,0.0,0.0,0.0,1,0,5000.0,0,0,0,1,1,0,0
6680a81dd7bdacc2f523c7ec,2024-05-09,0.0,454.0,0.0,0.0,0.0,0.0,0.0,0.0,0.0,0.0,1,0,5000.0,0,0,0,1,1,0,0
6680a81dd7bdacc2f523c7ec,2024-05-10,0.0,300.0,0.0,550.0,0.0,0.0,0.0,0.0,0.0,0.0,1,0,5000.0,0,0,0,1,1,0,0
6680a81dd7bdacc2f523c7ec,2024-05-11,11000.0,640.0,0.0,0.0,500.0,0.0,0.0,0.0,0.0,0.0,1,0,5000.0,0,0,0,1,1,0,0
6680a81dd7bdacc2f523c7ec,2024-05-12,0.0,210.0,0.0,0.0,0.0,0.0,0.0,0.0,0.0,0.0,1,0,5000.0,0,0,0,1,1,0,0
6680a81dd7bdacc2f523c7ec,2024-05-13,0.0,518.0,0.0,230.0,0.0,0.0,0.0,0.0,0.0,0.0,1,0,5000.0,0,0,0,1,1,0,0
6680a81dd7bdacc2f523c7ec,2024-05-14,0.0,500.0,0.0,0.0,0.0,0.0,0.0,0.0,0.0,0.0,1,0,5000.0,0,0,0,1,1,0,0
6680a81dd7bdacc2f523c7ec,2024-05-15,0.0,509.0,0.0,0.0,0.0,0.0,0.0,0.0,5150.0,0.0,1,0,5000.0,0,0,0,1,1,0,0
6680a81dd7bdacc2f523c7ec,2024-05-16,0.0,485.0,0.0,0.0,0.0,0.0,0.0,0.0,0.0,0.0,1,0,5000.0,0,0,0,1,1,0,0
6680a81dd7bdacc2f523c7ec,2024-05-17,0.0,260.0,0.0,540.0,0.0,0.0,0.0,0.0,0.0,0.0,1,0,5000.0,0,0,0,1,1,0,0
6680a81dd7bdacc2f523c7ec,2024-05-18,3000.0,610.0,0.0,0.0,500.0,0.0,0.0,0.0,0.0,0.0,1,0,5000.0,0,0,0,1,1,0,0
6680a81dd7bdacc2f523c7ec,2024-05-19,0.0,300.0,0.0,0.0,0.0,0.0,0.0,0.0,0.0,0.0,1,0,5000.0,0,0,0,1,1,0,0
6680a81dd7bdacc2f523c7ec,2024-05-20,0.0,469.0,0.0,245.0,0.0,0.0,0.0,0.0,0.0,0.0,1,0,5000.0,0,0,0,1,1,0,0
6680a81dd7bdacc2f523c7ec,2024-05-21,0.0,448.0,0.0,0.0,0.0,0.0,0.0,0.0,0.0,0.0,1,0,5000.0,0,0,0,1,1,0,0
6680a81dd7bdacc2f523c7ec,2024-05-22,0.0,502.0,0.0,0.0,0.0,0.0,0.0,0.0,0.0,0.0,1,0,5000.0,0,0,0,1,1,0,0
6680a81dd7bdacc2f523c7ec,2024-05-23,0.0,433.0,0.0,0.0,0.0,0.0,0.0,0.0,0.0,0.0,1,0,5000.0,0,0,0,1,1,0,0
6680a81dd7bdacc2f523c7ec,2024-05-24,0.0,250.0,0.0,500.0,0.0,0.0,0.0,0.0,0.0,0.0,1,0,5000.0,0,0,0,1,1,0,0
6680a81dd7bdacc2f523c7ec,2024-05-25,3000.0,640.0,0.0,0.0,500.0,0.0,0.0,0.0,0.0,0.0,1,0,5000.0,0,0,0,1,1,0,0
6680a81dd7bdacc2f523c7ec,2024-05-26,0.0,330.0,0.0,0.0,0.0,0.0,0.0,0.0,0.0,0.0,1,0,5000.0,0,0,0,1,1,0,0
6680a81dd7bdacc2f523c7ec,2024-05-27,0.0,455.0,0.0,230.0,0.0,0.0,0.0,0.0,0.0,0.0,1,0,5000.0,0,0,0,1,1,0,0
6680a81dd7bdacc2f523c7ec,2024-05-28,0.0,492.0,0.0,0.0,0.0,0.0,0.0,0.0,0.0,0.0,1,0,5000.0,0,0,0,1,1,0,0
6680a81dd7bdacc2f523c7ec,2024-05-29,0.0,444.0,0.0,0.0,0.0,0.0,0.0,0.0,0.0,0.0,1,0,5000.0,0,0,0,1,1,0,0
6680a81dd7bdacc2f523c7ec,2024-05-30,0.0,491.0,0.0,0.0,0.0,0.0,0.0,0.0,0.0,0.0,1,0,5000.0,0,0,0,1,1,0,0
6680a81dd7bdacc2f523c7ec,2024-05-31,0.0,240.0,0.0,555.0,0.0,0.0,0.0,0.0,0.0,0.0,1,0,5000.0,0,0,0,1,1,0,0
6680a81dd7bdacc2f523c7ec,2024-06-01,3000.0,630.0,0.0,0.0,500.0,0.0,0.0,0.0,0.0,0.0,1,0,5000.0,0,0,0,1,1,0,0
6680a81dd7bdacc2f523c7ec,2024-06-02,0.0,240.0,0.0,0.0,0.0,0.0,0.0,0.0,0.0,0.0,1,0,5000.0,0,0,0,1,1,0,0
6680a81dd7bdacc2f523c7ec,2024-06-03,0.0,514.0,0.0,230.0,0.0,0.0,0.0,0.0,0.0,0.0,1,0,5000.0,0,0,0,1,1,0,0
6680a81dd7bdacc2f523c7ec,2024-06-04,0.0,445.0,0.0,0.0,0.0,0.0,0.0,0.0,0.0,0.0,1,0,5000.0,0,0,0,1,1,0,0
6680a81dd7bdacc2f523c7ec,2024-06-05,0.0,506.0,0.0,0.0,0.0,0.0,0.0,0.0,0.0,0.0,1,0,5000.0,0,0,0,1,1,0,0
6680a81dd7bdacc2f523c7ec,2024-06-06,0.0,499.0,0.0,0.0,0.0,0.0,0.0,0.0,0.0,0.0,1,0,5000.0,0,0,0,1,1,0,0
6680a81dd7bdacc2f523c7ec,2024-06-07,0.0,200.0,0.0,550.0,0.0,0.0,0.0,0.0,0.0,0.0,1,0,5000.0,0,0,0,1,1,0,0
6680a81dd7bdacc2f523c7ec,2024-06-08,11000.0,580.0,0.0,0.0,400.0,0.0,0.0,0.0,0.0,0.0,1,0,5000.0,0,0,0,1,1,0,0
6680a81dd7bdacc2f523c7ec,2024-06-09,0.0,280.0,0.0,0.0,0.0,0.0,0.0,0.0,0.0,0.0,1,0,5000.0,0,0,0,1,1,0,0
6680a81dd7bdacc2f523c7ec,2024-06-10,0.0,491.0,0.0,245.0,0.0,0.0,0.0,0.0,0.0,0.0,1,0,5000.0,0,0,0,1,1,0,0
6680a81dd7bdacc2f523c7ec,2024-06-11,0.0,477.0,0.0,0.0,0.0,0.0,0.0,0.0,0.0,0.0,1,0,5000.0,0,0,0,1,1,0,0
6680a81dd7bdacc2f523c7ec,2024-06-12,0.0,464.0,0.0,0.0,0.0,0.0,0.0,0.0,0.0,0.0,1,0,5000.0,0,0,0,1,1,0,0
6680a81dd7bdacc2f523c7ec,2024-06-13,0.0,449.0,0.0,0.0,0.0,0.0,0.0,0.0,0.0,0.0,1,0,5000.0,0,0,0,1,1,0,0
6680a81dd7bdacc2f523c7ec,2024-06-14,0.0,230.0,0.0,530.0,0.0,0.0,0.0,0.0,0.0,0.0,1,0,5000.0,0,0,0,1,1,0,0
6680a81dd7bdacc2f523c7ec,2024-06-15,3000.0,600.0,0.0,0.0,500.0,0.0,0.0,0.0,5100.0,0.0,1,0,5000.0,0,0,0,1,1,0,0
6680a81dd7bdacc2f523c7ec,2024-06-16,0.0,300.0,0.0,0.0,0.0,0.0,0.0,0.0,0.0,0.0,1,0,5000.0,0,0,0,1,1,0,0
6680a81dd7bdacc2f523c7ec,2024-06-17,0.0,437.0,0.0,230.0,0.0,0.0,0.0,0.0,0.0,0.0,1,0,5000.0,0,0,0,1,1,0,0
6680a81dd7bdacc2f523c7ec,2024-06-18,0.0,502.0,0.0,0.0,0.0,0.0,0.0,0.0,0.0,0.0,1,0,5000.0,0,0,0,1,1,0,0
6680a81dd7bdacc2f523c7ec,2024-06-19,0.0,461.0,0.0,0.0,0.0,0.0,0.0,0.0,0.0,0.0,1,0,5000.0,0,0,0,1,1,0,0
6680a81dd7bdacc2f523c7ec,2024-06-20,0.0,478.0,0.0,0.0,0.0,0.0,0.0,0.0,0.0,0.0,1,0,5000.0,0,0,0,1,1,0,0
6680a81dd7bdacc2f523c7ec,2024-06-21,0.0,240.0,0.0,550.0,0.0,0.0,0.0,0.0,0.0,0.0,1,0,5000.0,0,0,0,1,1,0,0
6680a81dd7bdacc2f523c7ec,2024-06-22,3000.0,640.0,0.0,0.0,500.0,0.0,0.0,0.0,0.0,0.0,1,0,5000.0,0,0,0,1,1,0,0
6680a81dd7bdacc2f523c7ec,2024-06-23,0.0,250.0,0.0,0.0,0.0,0.0,0.0,0.0,0.0,0.0,1,0,5000.0,0,0,0,1,1,0,0
6680a81dd7bdacc2f523c7ec,2024-06-24,0.0,499.0,0.0,240.0,0.0,0.0,0.0,0.0,0.0,0.0,1,0,5000.0,0,0,0,1,1,0,0
6680a81dd7bdacc2f523c7ec,2024-06-25,0.0,477.0,0.0,0.0,0.0,0.0,0.0,0.0,0.0,0.0,1,0,5000.0,0,0,0,1,1,0,0
6680a81dd7bdacc2f523c7ec,2024-06-26,0.0,509.0,0.0,0.0,0.0,0.0,0.0,0.0,0.0,0.0,1,0,5000.0,0,0,0,1,1,0,0
6680a81dd7bdacc2f523c7ec,2024-06-27,0.0,481.0,0.0,0.0,0.0,0.0,0.0,0.0,0.0,0.0,1,0,5000.0,0,0,0,1,1,0,0
6680a81dd7bdacc2f523c7ec,2024-06-28,0.0,230.0,0.0,540.0,0.0,0.0,0.0,0.0,0.0,0.0,1,0,5000.0,0,0,0,1,1,0,0
6680a81dd7bdacc2f523c7ec,2024-06-29,3000.0,0.0,0.0,0.0,500.0,0.0,0.0,0.0,0.0,0.0,1,0,5000.0,0,0,0,1,1,0,0
6680a81dd7bdacc2f523c7ec,2024-06-30,0.0,0.0,0.0,0.0,0.0,0.0,0.0,0.0,0.0,0.0,1,0,5000.0,0,0,0,1,1,0,0
6682683c38ce3c363f92a798,2024-07-01,5000.0,0.0,0.0,0.0,0.0,0.0,400.0,0.0,0.0,0.0,1,0,32000.0,0,0,0,1,1,0,0
6682683c38ce3c363f92a798,2024-07-02,500.0,250.0,0.0,0.0,0.0,0.0,0.0,0.0,0.0,0.0,1,0,32000.0,0,0,0,1,1,0,0
6682683c38ce3c363f92a798,2024-07-03,360.0,0.0,0.0,0.0,0.0,250.0,0.0,0.0,0.0,0.0,1,0,32000.0,0,0,0,1,1,0,0
66841c9c5b875e3d2eb9363f,2024-07-02,10000.0,22900.0,0.0,0.0,30.0,0.0,0.0,0.0,30.0,0.0,1,0,30000.0,0,0,0,1,1,0,0
66851d59546708a4f0d9b2ef,2024-07-03,0.0,300.0,0.0,0.0,0.0,0.0,0.0,0.0,0.0,0.0,1,0,28000.0,0,0,0,1,1,0,0
